{
  "cities": [
    {"name": "Kabul", "country": "Afghanistan", "lat": 34.5553, "lng": 69.2075},
    {"name": "Kandahar", "country": "Afghanistan", "lat": 31.6289, "lng": 65.7372},
    {"name": "Herat", "country": "Afghanistan", "lat": 34.3529, "lng": 62.2040},
    {"name": "Mazar-i-Sharif", "country": "Afghanistan", "lat": 36.7069, "lng": 67.1147},
    {"name": "Jalalabad", "country": "Afghanistan", "lat": 34.4257, "lng": 70.4523},

    {"name": "Tirana", "country": "Albania", "lat": 41.3275, "lng": 19.8187},
    {"name": "Durrës", "country": "Albania", "lat": 41.3233, "lng": 19.4541},
    {"name": "Vlorë", "country": "Albania", "lat": 40.4636, "lng": 19.4904},
    {"name": "Shkodër", "country": "Albania", "lat": 42.0682, "lng": 19.5126},
    {"name": "Elbasan", "country": "Albania", "lat": 41.1125, "lng": 20.0833},

    {"name": "Algiers", "country": "Algeria", "lat": 36.7538, "lng": 3.0588},
    {"name": "Oran", "country": "Algeria", "lat": 35.6969, "lng": -0.6331},
    {"name": "Constantine", "country": "Algeria", "lat": 36.3650, "lng": 6.6147},
    {"name": "Annaba", "country": "Algeria", "lat": 36.8974, "lng": 7.7533},
    {"name": "Blida", "country": "Algeria", "lat": 36.4697, "lng": 2.8290},

    {"name": "Andorra la Vella", "country": "Andorra", "lat": 42.5063, "lng": 1.5218},

    {"name": "Luanda", "country": "Angola", "lat": -8.8390, "lng": 13.2894},
    {"name": "Huambo", "country": "Angola", "lat": -12.7761, "lng": 15.7393},
    {"name": "Lobito", "country": "Angola", "lat": -12.3468, "lng": 13.5362},
    {"name": "Benguela", "country": "Angola", "lat": -12.5794, "lng": 13.4055},
    {"name": "Lubango", "country": "Angola", "lat": -14.9197, "lng": 13.4928},

    {"name": "Saint John's", "country": "Antigua and Barbuda", "lat": 17.1175, "lng": -61.8456},

    {"name": "Buenos Aires", "country": "Argentina", "lat": -34.6037, "lng": -58.3816},
    {"name": "Córdoba", "country": "Argentina", "lat": -31.4201, "lng": -64.1888},
    {"name": "Rosario", "country": "Argentina", "lat": -32.9442, "lng": -60.6505},
    {"name": "Mendoza", "country": "Argentina", "lat": -32.8895, "lng": -68.8458},
    {"name": "Tucumán", "country": "Argentina", "lat": -26.8083, "lng": -65.2176},

    {"name": "Yerevan", "country": "Armenia", "lat": 40.1792, "lng": 44.4991},
    {"name": "Gyumri", "country": "Armenia", "lat": 40.7929, "lng": 43.8465},
    {"name": "Vanadzor", "country": "Armenia", "lat": 40.8127, "lng": 44.4883},

    {"name": "Sydney", "country": "Australia", "lat": -33.8688, "lng": 151.2093},
    {"name": "Melbourne", "country": "Australia", "lat": -37.8136, "lng": 144.9631},
    {"name": "Brisbane", "country": "Australia", "lat": -27.4698, "lng": 153.0251},
    {"name": "Perth", "country": "Australia", "lat": -31.9505, "lng": 115.8605},
    {"name": "Canberra", "country": "Australia", "lat": -35.2809, "lng": 149.1300},

    {"name": "Vienna", "country": "Austria", "lat": 48.2082, "lng": 16.3738},
    {"name": "Graz", "country": "Austria", "lat": 47.0707, "lng": 15.4395},
    {"name": "Linz", "country": "Austria", "lat": 48.3069, "lng": 14.2858},
    {"name": "Salzburg", "country": "Austria", "lat": 47.8095, "lng": 13.0550},
    {"name": "Innsbruck", "country": "Austria", "lat": 47.2692, "lng": 11.3961},

    {"name": "Baku", "country": "Azerbaijan", "lat": 40.4093, "lng": 49.8671},
    {"name": "Ganja", "country": "Azerbaijan", "lat": 40.6828, "lng": 46.3606},
    {"name": "Sumgait", "country": "Azerbaijan", "lat": 40.5855, "lng": 49.6317},

    {"name": "Nassau", "country": "Bahamas", "lat": 25.0480, "lng": -77.3554},
    {"name": "Freeport", "country": "Bahamas", "lat": 26.5285, "lng": -78.6967},

    {"name": "Manama", "country": "Bahrain", "lat": 26.2285, "lng": 50.5860},
    {"name": "Riffa", "country": "Bahrain", "lat": 26.1300, "lng": 50.5550},

    {"name": "Dhaka", "country": "Bangladesh", "lat": 23.8103, "lng": 90.4125},
    {"name": "Chittagong", "country": "Bangladesh", "lat": 22.3569, "lng": 91.7832},
    {"name": "Khulna", "country": "Bangladesh", "lat": 22.8456, "lng": 89.5403},
    {"name": "Rajshahi", "country": "Bangladesh", "lat": 24.3745, "lng": 88.6042},
    {"name": "Sylhet", "country": "Bangladesh", "lat": 24.8949, "lng": 91.8687},

    {"name": "Bridgetown", "country": "Barbados", "lat": 13.0969, "lng": -59.6145},

    {"name": "Minsk", "country": "Belarus", "lat": 53.9006, "lng": 27.5590},
    {"name": "Gomel", "country": "Belarus", "lat": 52.4345, "lng": 30.9754},
    {"name": "Mogilev", "country": "Belarus", "lat": 53.9045, "lng": 30.3449},
    {"name": "Vitebsk", "country": "Belarus", "lat": 55.1904, "lng": 30.2049},
    {"name": "Grodno", "country": "Belarus", "lat": 53.6779, "lng": 23.8298},

    {"name": "Brussels", "country": "Belgium", "lat": 50.8503, "lng": 4.3517},
    {"name": "Antwerp", "country": "Belgium", "lat": 51.2194, "lng": 4.4025},
    {"name": "Ghent", "country": "Belgium", "lat": 51.0543, "lng": 3.7174},
    {"name": "Bruges", "country": "Belgium", "lat": 51.2093, "lng": 3.2247},
    {"name": "Liège", "country": "Belgium", "lat": 50.6292, "lng": 5.5797},

    {"name": "Belmopan", "country": "Belize", "lat": 17.2510, "lng": -88.7590},
    {"name": "Belize City", "country": "Belize", "lat": 17.4984, "lng": -88.1886},

    {"name": "Porto-Novo", "country": "Benin", "lat": 6.4969, "lng": 2.6289},
    {"name": "Cotonou", "country": "Benin", "lat": 6.3703, "lng": 2.3912},

    {"name": "Thimphu", "country": "Bhutan", "lat": 27.4728, "lng": 89.6393},
    {"name": "Paro", "country": "Bhutan", "lat": 27.4287, "lng": 89.4164},

    {"name": "Sucre", "country": "Bolivia", "lat": -19.0196, "lng": -65.2619},
    {"name": "La Paz", "country": "Bolivia", "lat": -16.5000, "lng": -68.1500},
    {"name": "Santa Cruz de la Sierra", "country": "Bolivia", "lat": -17.7863, "lng": -63.1812},
    {"name": "Cochabamba", "country": "Bolivia", "lat": -17.3895, "lng": -66.1568},
    {"name": "Oruro", "country": "Bolivia", "lat": -17.9647, "lng": -67.1064},

    {"name": "Sarajevo", "country": "Bosnia and Herzegovina", "lat": 43.8564, "lng": 18.4131},
    {"name": "Banja Luka", "country": "Bosnia and Herzegovina", "lat": 44.7722, "lng": 17.1910},
    {"name": "Mostar", "country": "Bosnia and Herzegovina", "lat": 43.3438, "lng": 17.8078},
    {"name": "Tuzla", "country": "Bosnia and Herzegovina", "lat": 44.5386, "lng": 18.6731},

    {"name": "Gaborone", "country": "Botswana", "lat": -24.6282, "lng": 25.9231},
    {"name": "Francistown", "country": "Botswana", "lat": -21.1661, "lng": 27.5144},
    {"name": "Maun", "country": "Botswana", "lat": -19.9833, "lng": 23.4167},

    {"name": "São Paulo", "country": "Brazil", "lat": -23.5505, "lng": -46.6333},
    {"name": "Rio de Janeiro", "country": "Brazil", "lat": -22.9068, "lng": -43.1729},
    {"name": "Brasília", "country": "Brazil", "lat": -15.7975, "lng": -47.8919},
    {"name": "Salvador", "country": "Brazil", "lat": -12.9714, "lng": -38.5124},
    {"name": "Fortaleza", "country": "Brazil", "lat": -3.7172, "lng": -38.5433},

    {"name": "Bandar Seri Begawan", "country": "Brunei", "lat": 4.9031, "lng": 114.9398},

    {"name": "Sofia", "country": "Bulgaria", "lat": 42.6977, "lng": 23.3219},
    {"name": "Plovdiv", "country": "Bulgaria", "lat": 42.1354, "lng": 24.7453},
    {"name": "Varna", "country": "Bulgaria", "lat": 43.2141, "lng": 27.9147},
    {"name": "Burgas", "country": "Bulgaria", "lat": 42.5048, "lng": 27.4626},

    {"name": "Ouagadougou", "country": "Burkina Faso", "lat": 12.3714, "lng": -1.5197},
    {"name": "Bobo-Dioulasso", "country": "Burkina Faso", "lat": 11.1771, "lng": -4.2979},

    {"name": "Gitega", "country": "Burundi", "lat": -3.4264, "lng": 29.9306},
    {"name": "Bujumbura", "country": "Burundi", "lat": -3.3614, "lng": 29.3599},

    {"name": "Phnom Penh", "country": "Cambodia", "lat": 11.5564, "lng": 104.9282},
    {"name": "Siem Reap", "country": "Cambodia", "lat": 13.3633, "lng": 103.8565},
    {"name": "Battambang", "country": "Cambodia", "lat": 13.1023, "lng": 103.1990},

    {"name": "Yaoundé", "country": "Cameroon", "lat": 3.8480, "lng": 11.5021},
    {"name": "Douala", "country": "Cameroon", "lat": 4.0511, "lng": 9.7679},
    {"name": "Bamenda", "country": "Cameroon", "lat": 5.9527, "lng": 10.1458},
    {"name": "Bafoussam", "country": "Cameroon", "lat": 5.4737, "lng": 10.4176},
    {"name": "Garoua", "country": "Cameroon", "lat": 9.3019, "lng": 13.3966},

    {"name": "Toronto", "country": "Canada", "lat": 43.6532, "lng": -79.3832},
    {"name": "Montreal", "country": "Canada", "lat": 45.5017, "lng": -73.5673},
    {"name": "Vancouver", "country": "Canada", "lat": 49.2827, "lng": -123.1207},
    {"name": "Calgary", "country": "Canada", "lat": 51.0447, "lng": -114.0719},
    {"name": "Ottawa", "country": "Canada", "lat": 45.4215, "lng": -75.6972},

    {"name": "Praia", "country": "Cape Verde", "lat": 14.9330, "lng": -23.5133},
    {"name": "Mindelo", "country": "Cape Verde", "lat": 16.8782, "lng": -24.9828},

    {"name": "Bangui", "country": "Central African Republic", "lat": 4.3947, "lng": 18.5582},

    {"name": "N'Djamena", "country": "Chad", "lat": 12.1348, "lng": 15.0557},
    {"name": "Moundou", "country": "Chad", "lat": 8.5667, "lng": 16.0833},

    {"name": "Santiago", "country": "Chile", "lat": -33.4489, "lng": -70.6693},
    {"name": "Valparaíso", "country": "Chile", "lat": -33.0472, "lng": -71.6127},
    {"name": "Concepción", "country": "Chile", "lat": -36.8201, "lng": -73.0440},
    {"name": "Antofagasta", "country": "Chile", "lat": -23.6509, "lng": -70.3975},
    {"name": "Temuco", "country": "Chile", "lat": -38.7359, "lng": -72.5904},

    {"name": "Beijing", "country": "China", "lat": 39.9042, "lng": 116.4074},
    {"name": "Shanghai", "country": "China", "lat": 31.2304, "lng": 121.4737},
    {"name": "Guangzhou", "country": "China", "lat": 23.1291, "lng": 113.2644},
    {"name": "Shenzhen", "country": "China", "lat": 22.5431, "lng": 114.0579},
    {"name": "Chengdu", "country": "China", "lat": 30.5728, "lng": 104.0668},

    {"name": "Bogotá", "country": "Colombia", "lat": 4.7110, "lng": -74.0721},
    {"name": "Medellín", "country": "Colombia", "lat": 6.2476, "lng": -75.5658},
    {"name": "Cali", "country": "Colombia", "lat": 3.4516, "lng": -76.5320},
    {"name": "Barranquilla", "country": "Colombia", "lat": 10.9685, "lng": -74.7813},
    {"name": "Cartagena", "country": "Colombia", "lat": 10.3910, "lng": -75.5364},

    {"name": "Moroni", "country": "Comoros", "lat": -11.7022, "lng": 43.2551},

    {"name": "San José", "country": "Costa Rica", "lat": 9.9281, "lng": -84.0907},
    {"name": "Alajuela", "country": "Costa Rica", "lat": 10.0162, "lng": -84.2116},
    {"name": "Limón", "country": "Costa Rica", "lat": 9.9907, "lng": -83.0360},

    {"name": "Zagreb", "country": "Croatia", "lat": 45.8150, "lng": 15.9819},
    {"name": "Split", "country": "Croatia", "lat": 43.5081, "lng": 16.4402},
    {"name": "Rijeka", "country": "Croatia", "lat": 45.3271, "lng": 14.4422},
    {"name": "Dubrovnik", "country": "Croatia", "lat": 42.6507, "lng": 18.0944},
    {"name": "Osijek", "country": "Croatia", "lat": 45.5550, "lng": 18.6955},

    {"name": "Havana", "country": "Cuba", "lat": 23.1136, "lng": -82.3666},
    {"name": "Santiago de Cuba", "country": "Cuba", "lat": 20.0169, "lng": -75.8299},
    {"name": "Camagüey", "country": "Cuba", "lat": 21.3891, "lng": -77.9198},
    {"name": "Holguín", "country": "Cuba", "lat": 20.7207, "lng": -76.2640},
    {"name": "Santa Clara", "country": "Cuba", "lat": 22.4070, "lng": -79.9554},

    {"name": "Nicosia", "country": "Cyprus", "lat": 35.1856, "lng": 33.3823},
    {"name": "Limassol", "country": "Cyprus", "lat": 34.6841, "lng": 33.0379},
    {"name": "Larnaca", "country": "Cyprus", "lat": 34.9229, "lng": 33.6232},

    {"name": "Prague", "country": "Czech Republic", "lat": 50.0755, "lng": 14.4378},
    {"name": "Brno", "country": "Czech Republic", "lat": 49.1951, "lng": 16.6068},
    {"name": "Ostrava", "country": "Czech Republic", "lat": 49.8209, "lng": 18.2625},
    {"name": "Plzeň", "country": "Czech Republic", "lat": 49.7384, "lng": 13.3736},

    {"name": "Kinshasa", "country": "Democratic Republic of the Congo", "lat": -4.4419, "lng": 15.2663},
    {"name": "Lubumbashi", "country": "Democratic Republic of the Congo", "lat": -11.6880, "lng": 27.5144},
    {"name": "Mbuji-Mayi", "country": "Democratic Republic of the Congo", "lat": -6.1360, "lng": 23.5897},
    {"name": "Kisangani", "country": "Democratic Republic of the Congo", "lat": 0.5153, "lng": 25.1951},
    {"name": "Goma", "country": "Democratic Republic of the Congo", "lat": -1.6771, "lng": 29.2385},

    {"name": "Copenhagen", "country": "Denmark", "lat": 55.6761, "lng": 12.5683},
    {"name": "Aarhus", "country": "Denmark", "lat": 56.1629, "lng": 10.2039},
    {"name": "Odense", "country": "Denmark", "lat": 55.4038, "lng": 10.4024},
    {"name": "Aalborg", "country": "Denmark", "lat": 57.0488, "lng": 9.9217},

    {"name": "Djibouti", "country": "Djibouti", "lat": 11.5886, "lng": 43.1456},

    {"name": "Roseau", "country": "Dominica", "lat": 15.3092, "lng": -61.3794},

    {"name": "Santo Domingo", "country": "Dominican Republic", "lat": 18.4861, "lng": -69.9312},
    {"name": "Santiago de los Caballeros", "country": "Dominican Republic", "lat": 19.4517, "lng": -70.6970},
    {"name": "La Romana", "country": "Dominican Republic", "lat": 18.4274, "lng": -68.9731},
    {"name": "Punta Cana", "country": "Dominican Republic", "lat": 18.5601, "lng": -68.3725},

    {"name": "Dili", "country": "East Timor", "lat": -8.5569, "lng": 125.5603},

    {"name": "Quito", "country": "Ecuador", "lat": -0.1807, "lng": -78.4678},
    {"name": "Guayaquil", "country": "Ecuador", "lat": -2.1894, "lng": -79.8891},
    {"name": "Cuenca", "country": "Ecuador", "lat": -2.9001, "lng": -79.0059},
    {"name": "Ambato", "country": "Ecuador", "lat": -1.2544, "lng": -78.6198},
    {"name": "Manta", "country": "Ecuador", "lat": -0.9500, "lng": -80.7333},

    {"name": "Cairo", "country": "Egypt", "lat": 30.0444, "lng": 31.2357},
    {"name": "Alexandria", "country": "Egypt", "lat": 31.2001, "lng": 29.9187},
    {"name": "Luxor", "country": "Egypt", "lat": 25.6872, "lng": 32.6396},
    {"name": "Aswan", "country": "Egypt", "lat": 24.0889, "lng": 32.8998},
    {"name": "Sharm el-Sheikh", "country": "Egypt", "lat": 27.9158, "lng": 34.3300},

    {"name": "San Salvador", "country": "El Salvador", "lat": 13.6929, "lng": -89.2182},
    {"name": "Santa Ana", "country": "El Salvador", "lat": 13.9940, "lng": -89.5597},
    {"name": "San Miguel", "country": "El Salvador", "lat": 13.4833, "lng": -88.1833},

    {"name": "Malabo", "country": "Equatorial Guinea", "lat": 3.7523, "lng": 8.7741},
    {"name": "Bata", "country": "Equatorial Guinea", "lat": 1.8667, "lng": 9.7833},

    {"name": "Asmara", "country": "Eritrea", "lat": 15.3229, "lng": 38.9251},
    {"name": "Keren", "country": "Eritrea", "lat": 15.7781, "lng": 38.4511},

    {"name": "Tallinn", "country": "Estonia", "lat": 59.4370, "lng": 24.7536},
    {"name": "Tartu", "country": "Estonia", "lat": 58.3780, "lng": 26.7290},

    {"name": "Mbabane", "country": "Eswatini", "lat": -26.3054, "lng": 31.1367},
    {"name": "Manzini", "country": "Eswatini", "lat": -26.4833, "lng": 31.3667},

    {"name": "Addis Ababa", "country": "Ethiopia", "lat": 9.0320, "lng": 38.7469},
    {"name": "Dire Dawa", "country": "Ethiopia", "lat": 9.6010, "lng": 41.8503},
    {"name": "Gondar", "country": "Ethiopia", "lat": 12.6030, "lng": 37.4521},
    {"name": "Bahir Dar", "country": "Ethiopia", "lat": 11.5842, "lng": 37.3614},
    {"name": "Adama", "country": "Ethiopia", "lat": 8.5400, "lng": 39.2672},

    {"name": "Suva", "country": "Fiji", "lat": -18.1416, "lng": 178.4419},
    {"name": "Nadi", "country": "Fiji", "lat": -17.7765, "lng": 177.9428},

    {"name": "Helsinki", "country": "Finland", "lat": 60.1699, "lng": 24.9384},
    {"name": "Tampere", "country": "Finland", "lat": 61.4978, "lng": 23.7610},
    {"name": "Turku", "country": "Finland", "lat": 60.4518, "lng": 22.2666},
    {"name": "Oulu", "country": "Finland", "lat": 65.0121, "lng": 25.4651},
    {"name": "Espoo", "country": "Finland", "lat": 60.2055, "lng": 24.6559},

    {"name": "Paris", "country": "France", "lat": 48.8566, "lng": 2.3522},
    {"name": "Marseille", "country": "France", "lat": 43.2965, "lng": 5.3698},
    {"name": "Lyon", "country": "France", "lat": 45.7640, "lng": 4.8357},
    {"name": "Toulouse", "country": "France", "lat": 43.6047, "lng": 1.4442},
    {"name": "Nice", "country": "France", "lat": 43.7102, "lng": 7.2620},

    {"name": "Libreville", "country": "Gabon", "lat": 0.4162, "lng": 9.4673},
    {"name": "Port-Gentil", "country": "Gabon", "lat": -0.7193, "lng": 8.7815},

    {"name": "Banjul", "country": "Gambia", "lat": 13.4549, "lng": -16.5790},

    {"name": "Tbilisi", "country": "Georgia", "lat": 41.7151, "lng": 44.8271},
    {"name": "Batumi", "country": "Georgia", "lat": 41.6168, "lng": 41.6367},
    {"name": "Kutaisi", "country": "Georgia", "lat": 42.2679, "lng": 42.6946},

    {"name": "Berlin", "country": "Germany", "lat": 52.5200, "lng": 13.4050},
    {"name": "Munich", "country": "Germany", "lat": 48.1351, "lng": 11.5820},
    {"name": "Hamburg", "country": "Germany", "lat": 53.5511, "lng": 9.9937},
    {"name": "Frankfurt", "country": "Germany", "lat": 50.1109, "lng": 8.6821},
    {"name": "Cologne", "country": "Germany", "lat": 50.9375, "lng": 6.9603},

    {"name": "Accra", "country": "Ghana", "lat": 5.6037, "lng": -0.1870},
    {"name": "Kumasi", "country": "Ghana", "lat": 6.6884, "lng": -1.6244},
    {"name": "Tamale", "country": "Ghana", "lat": 9.4075, "lng": -0.8393},
    {"name": "Takoradi", "country": "Ghana", "lat": 4.8986, "lng": -1.7500},

    {"name": "Athens", "country": "Greece", "lat": 37.9838, "lng": 23.7275},
    {"name": "Thessaloniki", "country": "Greece", "lat": 40.6401, "lng": 22.9444},
    {"name": "Patras", "country": "Greece", "lat": 38.2466, "lng": 21.7346},
    {"name": "Heraklion", "country": "Greece", "lat": 35.3387, "lng": 25.1442},
    {"name": "Larissa", "country": "Greece", "lat": 39.6372, "lng": 22.4209},

    {"name": "Saint George's", "country": "Grenada", "lat": 12.0564, "lng": -61.7485},

    {"name": "Guatemala City", "country": "Guatemala", "lat": 14.6349, "lng": -90.5069},
    {"name": "Quetzaltenango", "country": "Guatemala", "lat": 14.8333, "lng": -91.5167},
    {"name": "Antigua Guatemala", "country": "Guatemala", "lat": 14.5586, "lng": -90.7295},

    {"name": "Conakry", "country": "Guinea", "lat": 9.6412, "lng": -13.5784},
    {"name": "Nzérékoré", "country": "Guinea", "lat": 7.7507, "lng": -8.8233},

    {"name": "Bissau", "country": "Guinea-Bissau", "lat": 11.8816, "lng": -15.6178},

    {"name": "Georgetown", "country": "Guyana", "lat": 6.8013, "lng": -58.1551},

    {"name": "Port-au-Prince", "country": "Haiti", "lat": 18.5944, "lng": -72.3074},
    {"name": "Cap-Haïtien", "country": "Haiti", "lat": 19.7600, "lng": -72.2006},

    {"name": "Tegucigalpa", "country": "Honduras", "lat": 14.0723, "lng": -87.1921},
    {"name": "San Pedro Sula", "country": "Honduras", "lat": 15.5040, "lng": -88.0250},
    {"name": "La Ceiba", "country": "Honduras", "lat": 15.7631, "lng": -86.7940},

    {"name": "Budapest", "country": "Hungary", "lat": 47.4979, "lng": 19.0402},
    {"name": "Debrecen", "country": "Hungary", "lat": 47.5316, "lng": 21.6273},
    {"name": "Szeged", "country": "Hungary", "lat": 46.2530, "lng": 20.1414},
    {"name": "Miskolc", "country": "Hungary", "lat": 48.1035, "lng": 20.7784},
    {"name": "Pécs", "country": "Hungary", "lat": 46.0727, "lng": 18.2323},

    {"name": "Reykjavik", "country": "Iceland", "lat": 64.1466, "lng": -21.9426},
    {"name": "Akureyri", "country": "Iceland", "lat": 65.6835, "lng": -18.0878},

    {"name": "Mumbai", "country": "India", "lat": 19.0760, "lng": 72.8777},
    {"name": "New Delhi", "country": "India", "lat": 28.6139, "lng": 77.2090},
    {"name": "Bangalore", "country": "India", "lat": 12.9716, "lng": 77.5946},
    {"name": "Chennai", "country": "India", "lat": 13.0827, "lng": 80.2707},
    {"name": "Kolkata", "country": "India", "lat": 22.5726, "lng": 88.3639},

    {"name": "Jakarta", "country": "Indonesia", "lat": -6.2088, "lng": 106.8456},
    {"name": "Surabaya", "country": "Indonesia", "lat": -7.2575, "lng": 112.7521},
    {"name": "Bandung", "country": "Indonesia", "lat": -6.9175, "lng": 107.6191},
    {"name": "Medan", "country": "Indonesia", "lat": 3.5952, "lng": 98.6722},
    {"name": "Denpasar", "country": "Indonesia", "lat": -8.6705, "lng": 115.2126},

    {"name": "Tehran", "country": "Iran", "lat": 35.6892, "lng": 51.3890},
    {"name": "Isfahan", "country": "Iran", "lat": 32.6546, "lng": 51.6680},
    {"name": "Mashhad", "country": "Iran", "lat": 36.2605, "lng": 59.6168},
    {"name": "Shiraz", "country": "Iran", "lat": 29.5918, "lng": 52.5836},
    {"name": "Tabriz", "country": "Iran", "lat": 38.0800, "lng": 46.2919},

    {"name": "Baghdad", "country": "Iraq", "lat": 33.3152, "lng": 44.3661},
    {"name": "Basra", "country": "Iraq", "lat": 30.5085, "lng": 47.7804},
    {"name": "Erbil", "country": "Iraq", "lat": 36.1901, "lng": 44.0119},
    {"name": "Mosul", "country": "Iraq", "lat": 36.3350, "lng": 43.1189},
    {"name": "Najaf", "country": "Iraq", "lat": 32.0000, "lng": 44.3348},

    {"name": "Dublin", "country": "Ireland", "lat": 53.3498, "lng": -6.2603},
    {"name": "Cork", "country": "Ireland", "lat": 51.8969, "lng": -8.4863},
    {"name": "Galway", "country": "Ireland", "lat": 53.2707, "lng": -9.0568},
    {"name": "Limerick", "country": "Ireland", "lat": 52.6638, "lng": -8.6267},

    {"name": "Jerusalem", "country": "Israel", "lat": 31.7683, "lng": 35.2137},
    {"name": "Tel Aviv", "country": "Israel", "lat": 32.0853, "lng": 34.7818},
    {"name": "Haifa", "country": "Israel", "lat": 32.7940, "lng": 34.9896},
    {"name": "Beer Sheva", "country": "Israel", "lat": 31.2530, "lng": 34.7915},

    {"name": "Rome", "country": "Italy", "lat": 41.9028, "lng": 12.4964},
    {"name": "Milan", "country": "Italy", "lat": 45.4642, "lng": 9.1900},
    {"name": "Naples", "country": "Italy", "lat": 40.8518, "lng": 14.2681},
    {"name": "Turin", "country": "Italy", "lat": 45.0703, "lng": 7.6869},
    {"name": "Florence", "country": "Italy", "lat": 43.7696, "lng": 11.2558},

    {"name": "Yamoussoukro", "country": "Ivory Coast", "lat": 6.8276, "lng": -5.2893},
    {"name": "Abidjan", "country": "Ivory Coast", "lat": 5.3600, "lng": -4.0083},
    {"name": "Bouaké", "country": "Ivory Coast", "lat": 7.6939, "lng": -5.0306},

    {"name": "Kingston", "country": "Jamaica", "lat": 18.0179, "lng": -76.8099},
    {"name": "Montego Bay", "country": "Jamaica", "lat": 18.4762, "lng": -77.8939},

    {"name": "Tokyo", "country": "Japan", "lat": 35.6762, "lng": 139.6503},
    {"name": "Osaka", "country": "Japan", "lat": 34.6937, "lng": 135.5023},
    {"name": "Kyoto", "country": "Japan", "lat": 35.0116, "lng": 135.7681},
    {"name": "Yokohama", "country": "Japan", "lat": 35.4437, "lng": 139.6380},
    {"name": "Nagoya", "country": "Japan", "lat": 35.1815, "lng": 136.9066},

    {"name": "Amman", "country": "Jordan", "lat": 31.9454, "lng": 35.9284},
    {"name": "Aqaba", "country": "Jordan", "lat": 29.5321, "lng": 35.0063},
    {"name": "Irbid", "country": "Jordan", "lat": 32.5565, "lng": 35.8497},

    {"name": "Astana", "country": "Kazakhstan", "lat": 51.1694, "lng": 71.4491},
    {"name": "Almaty", "country": "Kazakhstan", "lat": 43.2220, "lng": 76.8512},
    {"name": "Shymkent", "country": "Kazakhstan", "lat": 42.3200, "lng": 69.5967},
    {"name": "Karaganda", "country": "Kazakhstan", "lat": 49.8047, "lng": 73.1094},
    {"name": "Aktau", "country": "Kazakhstan", "lat": 43.6353, "lng": 51.1591},

    {"name": "Nairobi", "country": "Kenya", "lat": -1.2921, "lng": 36.8219},
    {"name": "Mombasa", "country": "Kenya", "lat": -4.0435, "lng": 39.6682},
    {"name": "Kisumu", "country": "Kenya", "lat": -0.1022, "lng": 34.7617},
    {"name": "Nakuru", "country": "Kenya", "lat": -0.3031, "lng": 36.0800},
    {"name": "Eldoret", "country": "Kenya", "lat": 0.5143, "lng": 35.2698},

    {"name": "Tarawa", "country": "Kiribati", "lat": 1.4518, "lng": 172.9717},

    {"name": "Pristina", "country": "Kosovo", "lat": 42.6629, "lng": 21.1655},
    {"name": "Prizren", "country": "Kosovo", "lat": 42.2139, "lng": 20.7397},

    {"name": "Kuwait City", "country": "Kuwait", "lat": 29.3759, "lng": 47.9774},

    {"name": "Bishkek", "country": "Kyrgyzstan", "lat": 42.8746, "lng": 74.5698},
    {"name": "Osh", "country": "Kyrgyzstan", "lat": 40.5283, "lng": 72.7985},

    {"name": "Vientiane", "country": "Laos", "lat": 17.9757, "lng": 102.6331},
    {"name": "Luang Prabang", "country": "Laos", "lat": 19.8856, "lng": 102.1347},

    {"name": "Riga", "country": "Latvia", "lat": 56.9496, "lng": 24.1052},
    {"name": "Daugavpils", "country": "Latvia", "lat": 55.8749, "lng": 26.5365},

    {"name": "Beirut", "country": "Lebanon", "lat": 33.8938, "lng": 35.5018},
    {"name": "Tripoli", "country": "Lebanon", "lat": 34.4367, "lng": 35.8497},
    {"name": "Sidon", "country": "Lebanon", "lat": 33.5571, "lng": 35.3729},

    {"name": "Maseru", "country": "Lesotho", "lat": -29.3167, "lng": 27.4833},

    {"name": "Monrovia", "country": "Liberia", "lat": 6.3156, "lng": -10.8074},

    {"name": "Tripoli", "country": "Libya", "lat": 32.8872, "lng": 13.1913},
    {"name": "Benghazi", "country": "Libya", "lat": 32.1194, "lng": 20.0868},
    {"name": "Misrata", "country": "Libya", "lat": 32.3754, "lng": 15.0925},

    {"name": "Vaduz", "country": "Liechtenstein", "lat": 47.1410, "lng": 9.5209},

    {"name": "Vilnius", "country": "Lithuania", "lat": 54.6872, "lng": 25.2797},
    {"name": "Kaunas", "country": "Lithuania", "lat": 54.8985, "lng": 23.9036},
    {"name": "Klaipėda", "country": "Lithuania", "lat": 55.7068, "lng": 21.1346},

    {"name": "Luxembourg City", "country": "Luxembourg", "lat": 49.6117, "lng": 6.1300},

    {"name": "Antananarivo", "country": "Madagascar", "lat": -18.8792, "lng": 47.5079},
    {"name": "Toamasina", "country": "Madagascar", "lat": -18.1496, "lng": 49.4022},
    {"name": "Antsirabe", "country": "Madagascar", "lat": -19.8659, "lng": 47.0333},

    {"name": "Lilongwe", "country": "Malawi", "lat": -13.9626, "lng": 33.7741},
    {"name": "Blantyre", "country": "Malawi", "lat": -15.7667, "lng": 35.0168},

    {"name": "Kuala Lumpur", "country": "Malaysia", "lat": 3.1390, "lng": 101.6869},
    {"name": "George Town", "country": "Malaysia", "lat": 5.4164, "lng": 100.3327},
    {"name": "Johor Bahru", "country": "Malaysia", "lat": 1.4927, "lng": 103.7414},
    {"name": "Kota Kinabalu", "country": "Malaysia", "lat": 5.9804, "lng": 116.0735},
    {"name": "Ipoh", "country": "Malaysia", "lat": 4.5975, "lng": 101.0901},

    {"name": "Malé", "country": "Maldives", "lat": 4.1755, "lng": 73.5093},

    {"name": "Bamako", "country": "Mali", "lat": 12.6392, "lng": -8.0029},
    {"name": "Timbuktu", "country": "Mali", "lat": 16.7735, "lng": -3.0074},
    {"name": "Sikasso", "country": "Mali", "lat": 11.3175, "lng": -5.6617},

    {"name": "Valletta", "country": "Malta", "lat": 35.8989, "lng": 14.5146},

    {"name": "Majuro", "country": "Marshall Islands", "lat": 7.0897, "lng": 171.3803},

    {"name": "Nouakchott", "country": "Mauritania", "lat": 18.0735, "lng": -15.9582},

    {"name": "Port Louis", "country": "Mauritius", "lat": -20.1609, "lng": 57.5012},

    {"name": "Mexico City", "country": "Mexico", "lat": 19.4326, "lng": -99.1332},
    {"name": "Guadalajara", "country": "Mexico", "lat": 20.6597, "lng": -103.3496},
    {"name": "Monterrey", "country": "Mexico", "lat": 25.6866, "lng": -100.3161},
    {"name": "Cancún", "country": "Mexico", "lat": 21.1619, "lng": -86.8515},
    {"name": "Puebla", "country": "Mexico", "lat": 19.0414, "lng": -98.2063},

    {"name": "Palikir", "country": "Micronesia", "lat": 6.9147, "lng": 158.1611},

    {"name": "Chișinău", "country": "Moldova", "lat": 47.0105, "lng": 28.8638},
    {"name": "Tiraspol", "country": "Moldova", "lat": 46.8403, "lng": 29.6433},

    {"name": "Monaco", "country": "Monaco", "lat": 43.7384, "lng": 7.4246},

    {"name": "Ulaanbaatar", "country": "Mongolia", "lat": 47.8864, "lng": 106.9057},
    {"name": "Erdenet", "country": "Mongolia", "lat": 49.0278, "lng": 104.1509},
    {"name": "Darkhan", "country": "Mongolia", "lat": 49.4614, "lng": 105.9746},

    {"name": "Podgorica", "country": "Montenegro", "lat": 42.4304, "lng": 19.2594},
    {"name": "Budva", "country": "Montenegro", "lat": 42.2911, "lng": 18.8400},

    {"name": "Rabat", "country": "Morocco", "lat": 34.0209, "lng": -6.8416},
    {"name": "Casablanca", "country": "Morocco", "lat": 33.5731, "lng": -7.5898},
    {"name": "Marrakech", "country": "Morocco", "lat": 31.6295, "lng": -7.9811},
    {"name": "Fez", "country": "Morocco", "lat": 34.0333, "lng": -5.0003},
    {"name": "Tangier", "country": "Morocco", "lat": 35.7595, "lng": -5.8340},

    {"name": "Maputo", "country": "Mozambique", "lat": -25.9692, "lng": 32.5732},
    {"name": "Beira", "country": "Mozambique", "lat": -19.8436, "lng": 34.8708},
    {"name": "Nampula", "country": "Mozambique", "lat": -15.1165, "lng": 39.2666},

    {"name": "Naypyidaw", "country": "Myanmar", "lat": 19.7633, "lng": 96.0785},
    {"name": "Yangon", "country": "Myanmar", "lat": 16.8661, "lng": 96.1951},
    {"name": "Mandalay", "country": "Myanmar", "lat": 21.9588, "lng": 96.0891},

    {"name": "Windhoek", "country": "Namibia", "lat": -22.5609, "lng": 17.0658},
    {"name": "Walvis Bay", "country": "Namibia", "lat": -22.9576, "lng": 14.5054},

    {"name": "Yaren", "country": "Nauru", "lat": -0.5477, "lng": 166.9209},

    {"name": "Kathmandu", "country": "Nepal", "lat": 27.7172, "lng": 85.3240},
    {"name": "Pokhara", "country": "Nepal", "lat": 28.2096, "lng": 83.9856},
    {"name": "Lalitpur", "country": "Nepal", "lat": 27.6588, "lng": 85.3247},

    {"name": "Amsterdam", "country": "Netherlands", "lat": 52.3676, "lng": 4.9041},
    {"name": "Rotterdam", "country": "Netherlands", "lat": 51.9225, "lng": 4.4792},
    {"name": "The Hague", "country": "Netherlands", "lat": 52.0705, "lng": 4.3007},
    {"name": "Utrecht", "country": "Netherlands", "lat": 52.0907, "lng": 5.1214},
    {"name": "Eindhoven", "country": "Netherlands", "lat": 51.4416, "lng": 5.4697},

    {"name": "Auckland", "country": "New Zealand", "lat": -36.8485, "lng": 174.7633},
    {"name": "Wellington", "country": "New Zealand", "lat": -41.2865, "lng": 174.7762},
    {"name": "Christchurch", "country": "New Zealand", "lat": -43.5321, "lng": 172.6362},
    {"name": "Queenstown", "country": "New Zealand", "lat": -45.0312, "lng": 168.6626},

    {"name": "Managua", "country": "Nicaragua", "lat": 12.1149, "lng": -86.2362},
    {"name": "León", "country": "Nicaragua", "lat": 12.4346, "lng": -86.8780},
    {"name": "Granada", "country": "Nicaragua", "lat": 11.9344, "lng": -85.9560},

    {"name": "Niamey", "country": "Niger", "lat": 13.5137, "lng": 2.1098},
    {"name": "Zinder", "country": "Niger", "lat": 13.8000, "lng": 8.9833},

    {"name": "Lagos", "country": "Nigeria", "lat": 6.5244, "lng": 3.3792},
    {"name": "Abuja", "country": "Nigeria", "lat": 9.0579, "lng": 7.4951},
    {"name": "Kano", "country": "Nigeria", "lat": 12.0022, "lng": 8.5920},
    {"name": "Ibadan", "country": "Nigeria", "lat": 7.3775, "lng": 3.9470},
    {"name": "Port Harcourt", "country": "Nigeria", "lat": 4.8157, "lng": 7.0498},

    {"name": "Pyongyang", "country": "North Korea", "lat": 39.0392, "lng": 125.7625},
    {"name": "Hamhung", "country": "North Korea", "lat": 39.9184, "lng": 127.5355},

    {"name": "Skopje", "country": "North Macedonia", "lat": 41.9973, "lng": 21.4280},
    {"name": "Ohrid", "country": "North Macedonia", "lat": 41.1231, "lng": 20.8016},

    {"name": "Oslo", "country": "Norway", "lat": 59.9139, "lng": 10.7522},
    {"name": "Bergen", "country": "Norway", "lat": 60.3913, "lng": 5.3221},
    {"name": "Trondheim", "country": "Norway", "lat": 63.4305, "lng": 10.3951},
    {"name": "Stavanger", "country": "Norway", "lat": 58.9700, "lng": 5.7331},
    {"name": "Tromsø", "country": "Norway", "lat": 69.6492, "lng": 18.9553},

    {"name": "Muscat", "country": "Oman", "lat": 23.5880, "lng": 58.3829},
    {"name": "Salalah", "country": "Oman", "lat": 17.0151, "lng": 54.0924},

    {"name": "Karachi", "country": "Pakistan", "lat": 24.8607, "lng": 67.0011},
    {"name": "Lahore", "country": "Pakistan", "lat": 31.5497, "lng": 74.3436},
    {"name": "Islamabad", "country": "Pakistan", "lat": 33.6844, "lng": 73.0479},
    {"name": "Faisalabad", "country": "Pakistan", "lat": 31.4504, "lng": 73.1350},
    {"name": "Peshawar", "country": "Pakistan", "lat": 34.0151, "lng": 71.5249},

    {"name": "Ngerulmud", "country": "Palau", "lat": 7.5006, "lng": 134.6242},

    {"name": "Ramallah", "country": "Palestine", "lat": 31.9038, "lng": 35.2034},
    {"name": "Gaza", "country": "Palestine", "lat": 31.5018, "lng": 34.4668},
    {"name": "Hebron", "country": "Palestine", "lat": 31.5326, "lng": 35.0998},

    {"name": "Panama City", "country": "Panama", "lat": 8.9824, "lng": -79.5199},
    {"name": "Colón", "country": "Panama", "lat": 9.3519, "lng": -79.9007},
    {"name": "David", "country": "Panama", "lat": 8.4271, "lng": -82.4311},

    {"name": "Port Moresby", "country": "Papua New Guinea", "lat": -9.4438, "lng": 147.1803},
    {"name": "Lae", "country": "Papua New Guinea", "lat": -6.7340, "lng": 147.0020},

    {"name": "Asunción", "country": "Paraguay", "lat": -25.2637, "lng": -57.5759},
    {"name": "Ciudad del Este", "country": "Paraguay", "lat": -25.5097, "lng": -54.6111},
    {"name": "Encarnación", "country": "Paraguay", "lat": -27.3314, "lng": -55.8657},

    {"name": "Lima", "country": "Peru", "lat": -12.0464, "lng": -77.0428},
    {"name": "Arequipa", "country": "Peru", "lat": -16.4090, "lng": -71.5375},
    {"name": "Cusco", "country": "Peru", "lat": -13.5319, "lng": -71.9675},
    {"name": "Trujillo", "country": "Peru", "lat": -8.1117, "lng": -79.0289},
    {"name": "Chiclayo", "country": "Peru", "lat": -6.7714, "lng": -79.8409},

    {"name": "Manila", "country": "Philippines", "lat": 14.5995, "lng": 120.9842},
    {"name": "Cebu City", "country": "Philippines", "lat": 10.3157, "lng": 123.8854},
    {"name": "Davao", "country": "Philippines", "lat": 7.1907, "lng": 125.4553},
    {"name": "Quezon City", "country": "Philippines", "lat": 14.6760, "lng": 121.0437},
    {"name": "Zamboanga", "country": "Philippines", "lat": 6.9214, "lng": 122.0790},

    {"name": "Warsaw", "country": "Poland", "lat": 52.2297, "lng": 21.0122},
    {"name": "Kraków", "country": "Poland", "lat": 50.0647, "lng": 19.9450},
    {"name": "Gdańsk", "country": "Poland", "lat": 54.3520, "lng": 18.6466},
    {"name": "Wrocław", "country": "Poland", "lat": 51.1079, "lng": 17.0385},
    {"name": "Poznań", "country": "Poland", "lat": 52.4064, "lng": 16.9252},

    {"name": "Lisbon", "country": "Portugal", "lat": 38.7223, "lng": -9.1393},
    {"name": "Porto", "country": "Portugal", "lat": 41.1579, "lng": -8.6291},
    {"name": "Braga", "country": "Portugal", "lat": 41.5518, "lng": -8.4229},
    {"name": "Faro", "country": "Portugal", "lat": 37.0194, "lng": -7.9322},
    {"name": "Coimbra", "country": "Portugal", "lat": 40.2033, "lng": -8.4103},

    {"name": "Doha", "country": "Qatar", "lat": 25.2854, "lng": 51.5310},

    {"name": "Brazzaville", "country": "Republic of the Congo", "lat": -4.2634, "lng": 15.2429},
    {"name": "Pointe-Noire", "country": "Republic of the Congo", "lat": -4.7692, "lng": 11.8664},

    {"name": "Bucharest", "country": "Romania", "lat": 44.4268, "lng": 26.1025},
    {"name": "Cluj-Napoca", "country": "Romania", "lat": 46.7712, "lng": 23.6236},
    {"name": "Timișoara", "country": "Romania", "lat": 45.7489, "lng": 21.2087},
    {"name": "Iași", "country": "Romania", "lat": 47.1585, "lng": 27.6014},
    {"name": "Constanța", "country": "Romania", "lat": 44.1598, "lng": 28.6348},

    {"name": "Moscow", "country": "Russia", "lat": 55.7558, "lng": 37.6173},
    {"name": "Saint Petersburg", "country": "Russia", "lat": 59.9311, "lng": 30.3609},
    {"name": "Novosibirsk", "country": "Russia", "lat": 55.0084, "lng": 82.9357},
    {"name": "Yekaterinburg", "country": "Russia", "lat": 56.8389, "lng": 60.6057},
    {"name": "Vladivostok", "country": "Russia", "lat": 43.1155, "lng": 131.8855},

    {"name": "Kigali", "country": "Rwanda", "lat": -1.9403, "lng": 29.8739},
    {"name": "Butare", "country": "Rwanda", "lat": -2.5964, "lng": 29.7394},

    {"name": "Basseterre", "country": "Saint Kitts and Nevis", "lat": 17.3026, "lng": -62.7177},

    {"name": "Castries", "country": "Saint Lucia", "lat": 14.0101, "lng": -60.9875},

    {"name": "Kingstown", "country": "Saint Vincent and the Grenadines", "lat": 13.1587, "lng": -61.2248},

    {"name": "Apia", "country": "Samoa", "lat": -13.8333, "lng": -171.7500},

    {"name": "San Marino", "country": "San Marino", "lat": 43.9424, "lng": 12.4578},

    {"name": "São Tomé", "country": "São Tomé and Príncipe", "lat": 0.3302, "lng": 6.7333},

    {"name": "Riyadh", "country": "Saudi Arabia", "lat": 24.7136, "lng": 46.6753},
    {"name": "Jeddah", "country": "Saudi Arabia", "lat": 21.4858, "lng": 39.1925},
    {"name": "Mecca", "country": "Saudi Arabia", "lat": 21.3891, "lng": 39.8579},
    {"name": "Medina", "country": "Saudi Arabia", "lat": 24.5247, "lng": 39.5692},
    {"name": "Dammam", "country": "Saudi Arabia", "lat": 26.3927, "lng": 49.9777},

    {"name": "Dakar", "country": "Senegal", "lat": 14.7167, "lng": -17.4677},
    {"name": "Saint-Louis", "country": "Senegal", "lat": 16.0326, "lng": -16.4818},
    {"name": "Thiès", "country": "Senegal", "lat": 14.7910, "lng": -16.9359},

    {"name": "Belgrade", "country": "Serbia", "lat": 44.7866, "lng": 20.4489},
    {"name": "Novi Sad", "country": "Serbia", "lat": 45.2671, "lng": 19.8335},
    {"name": "Niš", "country": "Serbia", "lat": 43.3209, "lng": 21.8954},

    {"name": "Victoria", "country": "Seychelles", "lat": -4.6191, "lng": 55.4513},

    {"name": "Freetown", "country": "Sierra Leone", "lat": 8.4657, "lng": -13.2317},

    {"name": "Singapore", "country": "Singapore", "lat": 1.3521, "lng": 103.8198},

    {"name": "Bratislava", "country": "Slovakia", "lat": 48.1486, "lng": 17.1077},
    {"name": "Košice", "country": "Slovakia", "lat": 48.7164, "lng": 21.2611},
    {"name": "Banská Bystrica", "country": "Slovakia", "lat": 48.7395, "lng": 19.1533},

    {"name": "Ljubljana", "country": "Slovenia", "lat": 46.0569, "lng": 14.5058},
    {"name": "Maribor", "country": "Slovenia", "lat": 46.5547, "lng": 15.6459},

    {"name": "Honiara", "country": "Solomon Islands", "lat": -9.4295, "lng": 159.9556},

    {"name": "Mogadishu", "country": "Somalia", "lat": 2.0469, "lng": 45.3182},
    {"name": "Hargeisa", "country": "Somalia", "lat": 9.5600, "lng": 44.0650},

    {"name": "Johannesburg", "country": "South Africa", "lat": -26.2041, "lng": 28.0473},
    {"name": "Cape Town", "country": "South Africa", "lat": -33.9249, "lng": 18.4241},
    {"name": "Durban", "country": "South Africa", "lat": -29.8587, "lng": 31.0218},
    {"name": "Pretoria", "country": "South Africa", "lat": -25.7479, "lng": 28.2293},
    {"name": "Port Elizabeth", "country": "South Africa", "lat": -33.9608, "lng": 25.6022},

    {"name": "Seoul", "country": "South Korea", "lat": 37.5665, "lng": 126.9780},
    {"name": "Busan", "country": "South Korea", "lat": 35.1796, "lng": 129.0756},
    {"name": "Incheon", "country": "South Korea", "lat": 37.4563, "lng": 126.7052},
    {"name": "Daegu", "country": "South Korea", "lat": 35.8714, "lng": 128.6014},
    {"name": "Daejeon", "country": "South Korea", "lat": 36.3504, "lng": 127.3845},

    {"name": "Juba", "country": "South Sudan", "lat": 4.8594, "lng": 31.5713},

    {"name": "Madrid", "country": "Spain", "lat": 40.4168, "lng": -3.7038},
    {"name": "Barcelona", "country": "Spain", "lat": 41.3874, "lng": 2.1686},
    {"name": "Seville", "country": "Spain", "lat": 37.3891, "lng": -5.9845},
    {"name": "Valencia", "country": "Spain", "lat": 39.4699, "lng": -0.3763},
    {"name": "Bilbao", "country": "Spain", "lat": 43.2630, "lng": -2.9350},

    {"name": "Colombo", "country": "Sri Lanka", "lat": 6.9271, "lng": 79.8612},
    {"name": "Kandy", "country": "Sri Lanka", "lat": 7.2906, "lng": 80.6337},
    {"name": "Galle", "country": "Sri Lanka", "lat": 6.0535, "lng": 80.2210},

    {"name": "Khartoum", "country": "Sudan", "lat": 15.5007, "lng": 32.5599},
    {"name": "Omdurman", "country": "Sudan", "lat": 15.6445, "lng": 32.4777},
    {"name": "Port Sudan", "country": "Sudan", "lat": 19.6158, "lng": 37.2153},

    {"name": "Paramaribo", "country": "Suriname", "lat": 5.8520, "lng": -55.2038},

    {"name": "Stockholm", "country": "Sweden", "lat": 59.3293, "lng": 18.0686},
    {"name": "Gothenburg", "country": "Sweden", "lat": 57.7089, "lng": 11.9746},
    {"name": "Malmö", "country": "Sweden", "lat": 55.6050, "lng": 13.0038},
    {"name": "Uppsala", "country": "Sweden", "lat": 59.8586, "lng": 17.6389},

    {"name": "Zürich", "country": "Switzerland", "lat": 47.3769, "lng": 8.5417},
    {"name": "Geneva", "country": "Switzerland", "lat": 46.2044, "lng": 6.1432},
    {"name": "Bern", "country": "Switzerland", "lat": 46.9480, "lng": 7.4474},
    {"name": "Basel", "country": "Switzerland", "lat": 47.5596, "lng": 7.5886},
    {"name": "Lausanne", "country": "Switzerland", "lat": 46.5197, "lng": 6.6323},

    {"name": "Damascus", "country": "Syria", "lat": 33.5138, "lng": 36.2765},
    {"name": "Aleppo", "country": "Syria", "lat": 36.2021, "lng": 37.1343},
    {"name": "Homs", "country": "Syria", "lat": 34.7324, "lng": 36.7137},

    {"name": "Taipei", "country": "Taiwan", "lat": 25.0330, "lng": 121.5654},
    {"name": "Kaohsiung", "country": "Taiwan", "lat": 22.6273, "lng": 120.3014},
    {"name": "Taichung", "country": "Taiwan", "lat": 24.1477, "lng": 120.6736},
    {"name": "Tainan", "country": "Taiwan", "lat": 22.9998, "lng": 120.2270},

    {"name": "Dushanbe", "country": "Tajikistan", "lat": 38.5598, "lng": 68.7738},
    {"name": "Khujand", "country": "Tajikistan", "lat": 40.2822, "lng": 69.6229},

    {"name": "Dar es Salaam", "country": "Tanzania", "lat": -6.7924, "lng": 39.2083},
    {"name": "Dodoma", "country": "Tanzania", "lat": -6.1630, "lng": 35.7516},
    {"name": "Zanzibar City", "country": "Tanzania", "lat": -6.1659, "lng": 39.2026},
    {"name": "Arusha", "country": "Tanzania", "lat": -3.3869, "lng": 36.6830},
    {"name": "Mwanza", "country": "Tanzania", "lat": -2.5164, "lng": 32.9176},

    {"name": "Bangkok", "country": "Thailand", "lat": 13.7563, "lng": 100.5018},
    {"name": "Chiang Mai", "country": "Thailand", "lat": 18.7883, "lng": 98.9853},
    {"name": "Phuket", "country": "Thailand", "lat": 7.8804, "lng": 98.3923},
    {"name": "Pattaya", "country": "Thailand", "lat": 12.9236, "lng": 100.8825},
    {"name": "Khon Kaen", "country": "Thailand", "lat": 16.4322, "lng": 102.8236},

    {"name": "Lomé", "country": "Togo", "lat": 6.1375, "lng": 1.2123},

    {"name": "Nukualofa", "country": "Tonga", "lat": -21.2114, "lng": -175.1998},

    {"name": "Port of Spain", "country": "Trinidad and Tobago", "lat": 10.6596, "lng": -61.5086},
    {"name": "San Fernando", "country": "Trinidad and Tobago", "lat": 10.2804, "lng": -61.4593},

    {"name": "Tunis", "country": "Tunisia", "lat": 36.8065, "lng": 10.1815},
    {"name": "Sfax", "country": "Tunisia", "lat": 34.7406, "lng": 10.7603},
    {"name": "Sousse", "country": "Tunisia", "lat": 35.8245, "lng": 10.6346},

    {"name": "Istanbul", "country": "Turkey", "lat": 41.0082, "lng": 28.9784},
    {"name": "Ankara", "country": "Turkey", "lat": 39.9334, "lng": 32.8597},
    {"name": "Izmir", "country": "Turkey", "lat": 38.4237, "lng": 27.1428},
    {"name": "Antalya", "country": "Turkey", "lat": 36.8969, "lng": 30.7133},
    {"name": "Bursa", "country": "Turkey", "lat": 40.1824, "lng": 29.0010},

    {"name": "Ashgabat", "country": "Turkmenistan", "lat": 37.9601, "lng": 58.3261},
    {"name": "Türkmenabat", "country": "Turkmenistan", "lat": 39.0731, "lng": 63.5786},

    {"name": "Funafuti", "country": "Tuvalu", "lat": -8.5167, "lng": 179.2167},

    {"name": "Kampala", "country": "Uganda", "lat": 0.3476, "lng": 32.5825},
    {"name": "Entebbe", "country": "Uganda", "lat": 0.0512, "lng": 32.4631},
    {"name": "Gulu", "country": "Uganda", "lat": 2.7747, "lng": 32.2990},

    {"name": "Kyiv", "country": "Ukraine", "lat": 50.4501, "lng": 30.5234},
    {"name": "Kharkiv", "country": "Ukraine", "lat": 49.9935, "lng": 36.2304},
    {"name": "Odessa", "country": "Ukraine", "lat": 46.4825, "lng": 30.7233},
    {"name": "Lviv", "country": "Ukraine", "lat": 49.8397, "lng": 24.0297},
    {"name": "Dnipro", "country": "Ukraine", "lat": 48.4647, "lng": 35.0462},

    {"name": "Abu Dhabi", "country": "United Arab Emirates", "lat": 24.4539, "lng": 54.3773},
    {"name": "Dubai", "country": "United Arab Emirates", "lat": 25.2048, "lng": 55.2708},
    {"name": "Sharjah", "country": "United Arab Emirates", "lat": 25.3463, "lng": 55.4209},

    {"name": "London", "country": "United Kingdom", "lat": 51.5074, "lng": -0.1278},
    {"name": "Manchester", "country": "United Kingdom", "lat": 53.4808, "lng": -2.2426},
    {"name": "Birmingham", "country": "United Kingdom", "lat": 52.4862, "lng": -1.8904},
    {"name": "Edinburgh", "country": "United Kingdom", "lat": 55.9533, "lng": -3.1883},
    {"name": "Glasgow", "country": "United Kingdom", "lat": 55.8642, "lng": -4.2518},

    {"name": "New York", "country": "United States", "lat": 40.7128, "lng": -74.0060},
    {"name": "Los Angeles", "country": "United States", "lat": 34.0522, "lng": -118.2437},
    {"name": "Chicago", "country": "United States", "lat": 41.8781, "lng": -87.6298},
    {"name": "Houston", "country": "United States", "lat": 29.7604, "lng": -95.3698},
    {"name": "Washington, D.C.", "country": "United States", "lat": 38.9072, "lng": -77.0369},

    {"name": "Montevideo", "country": "Uruguay", "lat": -34.9011, "lng": -56.1645},
    {"name": "Punta del Este", "country": "Uruguay", "lat": -34.9550, "lng": -54.9480},
    {"name": "Salto", "country": "Uruguay", "lat": -31.3833, "lng": -57.9667},

    {"name": "Tashkent", "country": "Uzbekistan", "lat": 41.2995, "lng": 69.2401},
    {"name": "Samarkand", "country": "Uzbekistan", "lat": 39.6547, "lng": 66.9597},
    {"name": "Bukhara", "country": "Uzbekistan", "lat": 39.7680, "lng": 64.4556},

    {"name": "Port Vila", "country": "Vanuatu", "lat": -17.7333, "lng": 168.3167},

    {"name": "Vatican City", "country": "Vatican City", "lat": 41.9029, "lng": 12.4534},

    {"name": "Caracas", "country": "Venezuela", "lat": 10.4806, "lng": -66.9036},
    {"name": "Maracaibo", "country": "Venezuela", "lat": 10.6667, "lng": -71.6124},
    {"name": "Valencia", "country": "Venezuela", "lat": 10.1620, "lng": -68.0077},
    {"name": "Barquisimeto", "country": "Venezuela", "lat": 10.0647, "lng": -69.3570},
    {"name": "Mérida", "country": "Venezuela", "lat": 8.5897, "lng": -71.1561},

    {"name": "Hanoi", "country": "Vietnam", "lat": 21.0278, "lng": 105.8342},
    {"name": "Ho Chi Minh City", "country": "Vietnam", "lat": 10.8231, "lng": 106.6297},
    {"name": "Da Nang", "country": "Vietnam", "lat": 16.0544, "lng": 108.2022},
    {"name": "Hai Phong", "country": "Vietnam", "lat": 20.8449, "lng": 106.6881},
    {"name": "Nha Trang", "country": "Vietnam", "lat": 12.2388, "lng": 109.1967},

    {"name": "Sanaa", "country": "Yemen", "lat": 15.3694, "lng": 44.1910},
    {"name": "Aden", "country": "Yemen", "lat": 12.7855, "lng": 45.0187},
    {"name": "Taiz", "country": "Yemen", "lat": 13.5789, "lng": 44.0219},

    {"name": "Lusaka", "country": "Zambia", "lat": -15.3875, "lng": 28.3228},
    {"name": "Livingstone", "country": "Zambia", "lat": -17.8419, "lng": 25.8544},
    {"name": "Ndola", "country": "Zambia", "lat": -12.9586, "lng": 28.6366},

    {"name": "Harare", "country": "Zimbabwe", "lat": -17.8252, "lng": 31.0335},
    {"name": "Bulawayo", "country": "Zimbabwe", "lat": -20.1325, "lng": 28.5806},
    {"name": "Victoria Falls", "country": "Zimbabwe", "lat": -17.9243, "lng": 25.8572}
  ]
}
