{
  "countries": [
    {"name": "Afghanistan", "capital": "Kabul", "continent": "Asia", "lat": 34.5553, "lng": 69.2075, "flag": "af"},
    {"name": "Albania", "capital": "Tirana", "continent": "Europe", "lat": 41.3275, "lng": 19.8187, "flag": "al"},
    {"name": "Algeria", "capital": "Algiers", "continent": "Africa", "lat": 36.7538, "lng": 3.0588, "flag": "dz"},
    {"name": "Andorra", "capital": "Andorra la Vella", "continent": "Europe", "lat": 42.5063, "lng": 1.5218, "flag": "ad"},
    {"name": "Angola", "capital": "Luanda", "continent": "Africa", "lat": -8.8390, "lng": 13.2894, "flag": "ao"},
    {"name": "Antigua and Barbuda", "capital": "Saint John's", "continent": "North America", "lat": 17.1175, "lng": -61.8456, "flag": "ag"},
    {"name": "Argentina", "capital": "Buenos Aires", "continent": "South America", "lat": -34.6037, "lng": -58.3816, "flag": "ar"},
    {"name": "Armenia", "capital": "Yerevan", "continent": "Asia", "lat": 40.1792, "lng": 44.4991, "flag": "am"},
    {"name": "Australia", "capital": "Canberra", "continent": "Oceania", "lat": -35.2809, "lng": 149.1300, "flag": "au"},
    {"name": "Austria", "capital": "Vienna", "continent": "Europe", "lat": 48.2082, "lng": 16.3738, "flag": "at"},
    {"name": "Azerbaijan", "capital": "Baku", "continent": "Asia", "lat": 40.4093, "lng": 49.8671, "flag": "az"},
    {"name": "Bahamas", "capital": "Nassau", "continent": "North America", "lat": 25.0480, "lng": -77.3554, "flag": "bs"},
    {"name": "Bahrain", "capital": "Manama", "continent": "Asia", "lat": 26.2285, "lng": 50.5860, "flag": "bh"},
    {"name": "Bangladesh", "capital": "Dhaka", "continent": "Asia", "lat": 23.8103, "lng": 90.4125, "flag": "bd"},
    {"name": "Barbados", "capital": "Bridgetown", "continent": "North America", "lat": 13.0969, "lng": -59.6145, "flag": "bb"},
    {"name": "Belarus", "capital": "Minsk", "continent": "Europe", "lat": 53.9006, "lng": 27.5590, "flag": "by"},
    {"name": "Belgium", "capital": "Brussels", "continent": "Europe", "lat": 50.8503, "lng": 4.3517, "flag": "be"},
    {"name": "Belize", "capital": "Belmopan", "continent": "North America", "lat": 17.2510, "lng": -88.7590, "flag": "bz"},
    {"name": "Benin", "capital": "Porto-Novo", "continent": "Africa", "lat": 6.4969, "lng": 2.6289, "flag": "bj"},
    {"name": "Bhutan", "capital": "Thimphu", "continent": "Asia", "lat": 27.4728, "lng": 89.6393, "flag": "bt"},
    {"name": "Bolivia", "capital": "Sucre", "continent": "South America", "lat": -19.0196, "lng": -65.2619, "flag": "bo"},
    {"name": "Bosnia and Herzegovina", "capital": "Sarajevo", "continent": "Europe", "lat": 43.8564, "lng": 18.4131, "flag": "ba"},
    {"name": "Botswana", "capital": "Gaborone", "continent": "Africa", "lat": -24.6282, "lng": 25.9231, "flag": "bw"},
    {"name": "Brazil", "capital": "Brasília", "continent": "South America", "lat": -15.7975, "lng": -47.8919, "flag": "br"},
    {"name": "Brunei", "capital": "Bandar Seri Begawan", "continent": "Asia", "lat": 4.9031, "lng": 114.9398, "flag": "bn"},
    {"name": "Bulgaria", "capital": "Sofia", "continent": "Europe", "lat": 42.6977, "lng": 23.3219, "flag": "bg"},
    {"name": "Burkina Faso", "capital": "Ouagadougou", "continent": "Africa", "lat": 12.3714, "lng": -1.5197, "flag": "bf"},
    {"name": "Burundi", "capital": "Gitega", "continent": "Africa", "lat": -3.4264, "lng": 29.9306, "flag": "bi"},
    {"name": "Cambodia", "capital": "Phnom Penh", "continent": "Asia", "lat": 11.5564, "lng": 104.9282, "flag": "kh"},
    {"name": "Cameroon", "capital": "Yaoundé", "continent": "Africa", "lat": 3.8480, "lng": 11.5021, "flag": "cm"},
    {"name": "Canada", "capital": "Ottawa", "continent": "North America", "lat": 45.4215, "lng": -75.6972, "flag": "ca"},
    {"name": "Cape Verde", "capital": "Praia", "continent": "Africa", "lat": 14.9330, "lng": -23.5133, "flag": "cv"},
    {"name": "Central African Republic", "capital": "Bangui", "continent": "Africa", "lat": 4.3947, "lng": 18.5582, "flag": "cf"},
    {"name": "Chad", "capital": "N'Djamena", "continent": "Africa", "lat": 12.1348, "lng": 15.0557, "flag": "td"},
    {"name": "Chile", "capital": "Santiago", "continent": "South America", "lat": -33.4489, "lng": -70.6693, "flag": "cl"},
    {"name": "China", "capital": "Beijing", "continent": "Asia", "lat": 39.9042, "lng": 116.4074, "flag": "cn"},
    {"name": "Colombia", "capital": "Bogotá", "continent": "South America", "lat": 4.7110, "lng": -74.0721, "flag": "co"},
    {"name": "Comoros", "capital": "Moroni", "continent": "Africa", "lat": -11.7022, "lng": 43.2551, "flag": "km"},
    {"name": "Costa Rica", "capital": "San José", "continent": "North America", "lat": 9.9281, "lng": -84.0907, "flag": "cr"},
    {"name": "Croatia", "capital": "Zagreb", "continent": "Europe", "lat": 45.8150, "lng": 15.9819, "flag": "hr"},
    {"name": "Cuba", "capital": "Havana", "continent": "North America", "lat": 23.1136, "lng": -82.3666, "flag": "cu"},
    {"name": "Cyprus", "capital": "Nicosia", "continent": "Europe", "lat": 35.1856, "lng": 33.3823, "flag": "cy"},
    {"name": "Czech Republic", "capital": "Prague", "continent": "Europe", "lat": 50.0755, "lng": 14.4378, "flag": "cz"},
    {"name": "Democratic Republic of the Congo", "capital": "Kinshasa", "continent": "Africa", "lat": -4.4419, "lng": 15.2663, "flag": "cd"},
    {"name": "Denmark", "capital": "Copenhagen", "continent": "Europe", "lat": 55.6761, "lng": 12.5683, "flag": "dk"},
    {"name": "Djibouti", "capital": "Djibouti", "continent": "Africa", "lat": 11.5886, "lng": 43.1456, "flag": "dj"},
    {"name": "Dominica", "capital": "Roseau", "continent": "North America", "lat": 15.3092, "lng": -61.3794, "flag": "dm"},
    {"name": "Dominican Republic", "capital": "Santo Domingo", "continent": "North America", "lat": 18.4861, "lng": -69.9312, "flag": "do"},
    {"name": "East Timor", "capital": "Dili", "continent": "Asia", "lat": -8.5569, "lng": 125.5603, "flag": "tl"},
    {"name": "Ecuador", "capital": "Quito", "continent": "South America", "lat": -0.1807, "lng": -78.4678, "flag": "ec"},
    {"name": "Egypt", "capital": "Cairo", "continent": "Africa", "lat": 30.0444, "lng": 31.2357, "flag": "eg"},
    {"name": "El Salvador", "capital": "San Salvador", "continent": "North America", "lat": 13.6929, "lng": -89.2182, "flag": "sv"},
    {"name": "Equatorial Guinea", "capital": "Malabo", "continent": "Africa", "lat": 3.7523, "lng": 8.7741, "flag": "gq"},
    {"name": "Eritrea", "capital": "Asmara", "continent": "Africa", "lat": 15.3229, "lng": 38.9251, "flag": "er"},
    {"name": "Estonia", "capital": "Tallinn", "continent": "Europe", "lat": 59.4370, "lng": 24.7536, "flag": "ee"},
    {"name": "Eswatini", "capital": "Mbabane", "continent": "Africa", "lat": -26.3054, "lng": 31.1367, "flag": "sz"},
    {"name": "Ethiopia", "capital": "Addis Ababa", "continent": "Africa", "lat": 9.0320, "lng": 38.7469, "flag": "et"},
    {"name": "Fiji", "capital": "Suva", "continent": "Oceania", "lat": -18.1416, "lng": 178.4419, "flag": "fj"},
    {"name": "Finland", "capital": "Helsinki", "continent": "Europe", "lat": 60.1699, "lng": 24.9384, "flag": "fi"},
    {"name": "France", "capital": "Paris", "continent": "Europe", "lat": 48.8566, "lng": 2.3522, "flag": "fr"},
    {"name": "Gabon", "capital": "Libreville", "continent": "Africa", "lat": 0.4162, "lng": 9.4673, "flag": "ga"},
    {"name": "Gambia", "capital": "Banjul", "continent": "Africa", "lat": 13.4549, "lng": -16.5790, "flag": "gm"},
    {"name": "Georgia", "capital": "Tbilisi", "continent": "Asia", "lat": 41.7151, "lng": 44.8271, "flag": "ge"},
    {"name": "Germany", "capital": "Berlin", "continent": "Europe", "lat": 52.5200, "lng": 13.4050, "flag": "de"},
    {"name": "Ghana", "capital": "Accra", "continent": "Africa", "lat": 5.6037, "lng": -0.1870, "flag": "gh"},
    {"name": "Greece", "capital": "Athens", "continent": "Europe", "lat": 37.9838, "lng": 23.7275, "flag": "gr"},
    {"name": "Grenada", "capital": "Saint George's", "continent": "North America", "lat": 12.0564, "lng": -61.7485, "flag": "gd"},
    {"name": "Guatemala", "capital": "Guatemala City", "continent": "North America", "lat": 14.6349, "lng": -90.5069, "flag": "gt"},
    {"name": "Guinea", "capital": "Conakry", "continent": "Africa", "lat": 9.6412, "lng": -13.5784, "flag": "gn"},
    {"name": "Guinea-Bissau", "capital": "Bissau", "continent": "Africa", "lat": 11.8816, "lng": -15.6178, "flag": "gw"},
    {"name": "Guyana", "capital": "Georgetown", "continent": "South America", "lat": 6.8013, "lng": -58.1551, "flag": "gy"},
    {"name": "Haiti", "capital": "Port-au-Prince", "continent": "North America", "lat": 18.5944, "lng": -72.3074, "flag": "ht"},
    {"name": "Honduras", "capital": "Tegucigalpa", "continent": "North America", "lat": 14.0723, "lng": -87.1921, "flag": "hn"},
    {"name": "Hungary", "capital": "Budapest", "continent": "Europe", "lat": 47.4979, "lng": 19.0402, "flag": "hu"},
    {"name": "Iceland", "capital": "Reykjavik", "continent": "Europe", "lat": 64.1466, "lng": -21.9426, "flag": "is"},
    {"name": "India", "capital": "New Delhi", "continent": "Asia", "lat": 28.6139, "lng": 77.2090, "flag": "in"},
    {"name": "Indonesia", "capital": "Jakarta", "continent": "Asia", "lat": -6.2088, "lng": 106.8456, "flag": "id"},
    {"name": "Iran", "capital": "Tehran", "continent": "Asia", "lat": 35.6892, "lng": 51.3890, "flag": "ir"},
    {"name": "Iraq", "capital": "Baghdad", "continent": "Asia", "lat": 33.3152, "lng": 44.3661, "flag": "iq"},
    {"name": "Ireland", "capital": "Dublin", "continent": "Europe", "lat": 53.3498, "lng": -6.2603, "flag": "ie"},
    {"name": "Israel", "capital": "Jerusalem", "continent": "Asia", "lat": 31.7683, "lng": 35.2137, "flag": "il"},
    {"name": "Italy", "capital": "Rome", "continent": "Europe", "lat": 41.9028, "lng": 12.4964, "flag": "it"},
    {"name": "Ivory Coast", "capital": "Yamoussoukro", "continent": "Africa", "lat": 6.8276, "lng": -5.2893, "flag": "ci"},
    {"name": "Jamaica", "capital": "Kingston", "continent": "North America", "lat": 18.0179, "lng": -76.8099, "flag": "jm"},
    {"name": "Japan", "capital": "Tokyo", "continent": "Asia", "lat": 35.6762, "lng": 139.6503, "flag": "jp"},
    {"name": "Jordan", "capital": "Amman", "continent": "Asia", "lat": 31.9454, "lng": 35.9284, "flag": "jo"},
    {"name": "Kazakhstan", "capital": "Astana", "continent": "Asia", "lat": 51.1694, "lng": 71.4491, "flag": "kz"},
    {"name": "Kenya", "capital": "Nairobi", "continent": "Africa", "lat": -1.2921, "lng": 36.8219, "flag": "ke"},
    {"name": "Kiribati", "capital": "Tarawa", "continent": "Oceania", "lat": 1.4518, "lng": 172.9717, "flag": "ki"},
    {"name": "Kuwait", "capital": "Kuwait City", "continent": "Asia", "lat": 29.3759, "lng": 47.9774, "flag": "kw"},
    {"name": "Kyrgyzstan", "capital": "Bishkek", "continent": "Asia", "lat": 42.8746, "lng": 74.5698, "flag": "kg"},
    {"name": "Laos", "capital": "Vientiane", "continent": "Asia", "lat": 17.9757, "lng": 102.6331, "flag": "la"},
    {"name": "Latvia", "capital": "Riga", "continent": "Europe", "lat": 56.9496, "lng": 24.1052, "flag": "lv"},
    {"name": "Lebanon", "capital": "Beirut", "continent": "Asia", "lat": 33.8938, "lng": 35.5018, "flag": "lb"},
    {"name": "Lesotho", "capital": "Maseru", "continent": "Africa", "lat": -29.3167, "lng": 27.4833, "flag": "ls"},
    {"name": "Liberia", "capital": "Monrovia", "continent": "Africa", "lat": 6.3156, "lng": -10.8074, "flag": "lr"},
    {"name": "Libya", "capital": "Tripoli", "continent": "Africa", "lat": 32.8872, "lng": 13.1913, "flag": "ly"},
    {"name": "Liechtenstein", "capital": "Vaduz", "continent": "Europe", "lat": 47.1410, "lng": 9.5209, "flag": "li"},
    {"name": "Lithuania", "capital": "Vilnius", "continent": "Europe", "lat": 54.6872, "lng": 25.2797, "flag": "lt"},
    {"name": "Luxembourg", "capital": "Luxembourg City", "continent": "Europe", "lat": 49.6117, "lng": 6.1300, "flag": "lu"},
    {"name": "Madagascar", "capital": "Antananarivo", "continent": "Africa", "lat": -18.8792, "lng": 47.5079, "flag": "mg"},
    {"name": "Malawi", "capital": "Lilongwe", "continent": "Africa", "lat": -13.9626, "lng": 33.7741, "flag": "mw"},
    {"name": "Malaysia", "capital": "Kuala Lumpur", "continent": "Asia", "lat": 3.1390, "lng": 101.6869, "flag": "my"},
    {"name": "Maldives", "capital": "Malé", "continent": "Asia", "lat": 4.1755, "lng": 73.5093, "flag": "mv"},
    {"name": "Mali", "capital": "Bamako", "continent": "Africa", "lat": 12.6392, "lng": -8.0029, "flag": "ml"},
    {"name": "Malta", "capital": "Valletta", "continent": "Europe", "lat": 35.8989, "lng": 14.5146, "flag": "mt"},
    {"name": "Marshall Islands", "capital": "Majuro", "continent": "Oceania", "lat": 7.0897, "lng": 171.3803, "flag": "mh"},
    {"name": "Mauritania", "capital": "Nouakchott", "continent": "Africa", "lat": 18.0735, "lng": -15.9582, "flag": "mr"},
    {"name": "Mauritius", "capital": "Port Louis", "continent": "Africa", "lat": -20.1609, "lng": 57.5012, "flag": "mu"},
    {"name": "Mexico", "capital": "Mexico City", "continent": "North America", "lat": 19.4326, "lng": -99.1332, "flag": "mx"},
    {"name": "Micronesia", "capital": "Palikir", "continent": "Oceania", "lat": 6.9147, "lng": 158.1611, "flag": "fm"},
    {"name": "Moldova", "capital": "Chișinău", "continent": "Europe", "lat": 47.0105, "lng": 28.8638, "flag": "md"},
    {"name": "Monaco", "capital": "Monaco", "continent": "Europe", "lat": 43.7384, "lng": 7.4246, "flag": "mc"},
    {"name": "Mongolia", "capital": "Ulaanbaatar", "continent": "Asia", "lat": 47.8864, "lng": 106.9057, "flag": "mn"},
    {"name": "Montenegro", "capital": "Podgorica", "continent": "Europe", "lat": 42.4304, "lng": 19.2594, "flag": "me"},
    {"name": "Morocco", "capital": "Rabat", "continent": "Africa", "lat": 34.0209, "lng": -6.8416, "flag": "ma"},
    {"name": "Mozambique", "capital": "Maputo", "continent": "Africa", "lat": -25.9692, "lng": 32.5732, "flag": "mz"},
    {"name": "Myanmar", "capital": "Naypyidaw", "continent": "Asia", "lat": 19.7633, "lng": 96.0785, "flag": "mm"},
    {"name": "Namibia", "capital": "Windhoek", "continent": "Africa", "lat": -22.5609, "lng": 17.0658, "flag": "na"},
    {"name": "Nauru", "capital": "Yaren", "continent": "Oceania", "lat": -0.5477, "lng": 166.9209, "flag": "nr"},
    {"name": "Nepal", "capital": "Kathmandu", "continent": "Asia", "lat": 27.7172, "lng": 85.3240, "flag": "np"},
    {"name": "Netherlands", "capital": "Amsterdam", "continent": "Europe", "lat": 52.3676, "lng": 4.9041, "flag": "nl"},
    {"name": "New Zealand", "capital": "Wellington", "continent": "Oceania", "lat": -41.2865, "lng": 174.7762, "flag": "nz"},
    {"name": "Nicaragua", "capital": "Managua", "continent": "North America", "lat": 12.1149, "lng": -86.2362, "flag": "ni"},
    {"name": "Niger", "capital": "Niamey", "continent": "Africa", "lat": 13.5137, "lng": 2.1098, "flag": "ne"},
    {"name": "Nigeria", "capital": "Abuja", "continent": "Africa", "lat": 9.0579, "lng": 7.4951, "flag": "ng"},
    {"name": "North Korea", "capital": "Pyongyang", "continent": "Asia", "lat": 39.0392, "lng": 125.7625, "flag": "kp"},
    {"name": "North Macedonia", "capital": "Skopje", "continent": "Europe", "lat": 41.9973, "lng": 21.4280, "flag": "mk"},
    {"name": "Norway", "capital": "Oslo", "continent": "Europe", "lat": 59.9139, "lng": 10.7522, "flag": "no"},
    {"name": "Oman", "capital": "Muscat", "continent": "Asia", "lat": 23.5880, "lng": 58.3829, "flag": "om"},
    {"name": "Pakistan", "capital": "Islamabad", "continent": "Asia", "lat": 33.6844, "lng": 73.0479, "flag": "pk"},
    {"name": "Palau", "capital": "Ngerulmud", "continent": "Oceania", "lat": 7.5006, "lng": 134.6242, "flag": "pw"},
    {"name": "Palestine", "capital": "Ramallah", "continent": "Asia", "lat": 31.9038, "lng": 35.2034, "flag": "ps"},
    {"name": "Panama", "capital": "Panama City", "continent": "North America", "lat": 8.9824, "lng": -79.5199, "flag": "pa"},
    {"name": "Papua New Guinea", "capital": "Port Moresby", "continent": "Oceania", "lat": -9.4438, "lng": 147.1803, "flag": "pg"},
    {"name": "Paraguay", "capital": "Asunción", "continent": "South America", "lat": -25.2637, "lng": -57.5759, "flag": "py"},
    {"name": "Peru", "capital": "Lima", "continent": "South America", "lat": -12.0464, "lng": -77.0428, "flag": "pe"},
    {"name": "Philippines", "capital": "Manila", "continent": "Asia", "lat": 14.5995, "lng": 120.9842, "flag": "ph"},
    {"name": "Poland", "capital": "Warsaw", "continent": "Europe", "lat": 52.2297, "lng": 21.0122, "flag": "pl"},
    {"name": "Portugal", "capital": "Lisbon", "continent": "Europe", "lat": 38.7223, "lng": -9.1393, "flag": "pt"},
    {"name": "Qatar", "capital": "Doha", "continent": "Asia", "lat": 25.2854, "lng": 51.5310, "flag": "qa"},
    {"name": "Republic of the Congo", "capital": "Brazzaville", "continent": "Africa", "lat": -4.2634, "lng": 15.2429, "flag": "cg"},
    {"name": "Romania", "capital": "Bucharest", "continent": "Europe", "lat": 44.4268, "lng": 26.1025, "flag": "ro"},
    {"name": "Russia", "capital": "Moscow", "continent": "Europe", "lat": 55.7558, "lng": 37.6173, "flag": "ru"},
    {"name": "Rwanda", "capital": "Kigali", "continent": "Africa", "lat": -1.9403, "lng": 29.8739, "flag": "rw"},
    {"name": "Saint Kitts and Nevis", "capital": "Basseterre", "continent": "North America", "lat": 17.3026, "lng": -62.7177, "flag": "kn"},
    {"name": "Saint Lucia", "capital": "Castries", "continent": "North America", "lat": 14.0101, "lng": -60.9875, "flag": "lc"},
    {"name": "Saint Vincent and the Grenadines", "capital": "Kingstown", "continent": "North America", "lat": 13.1587, "lng": -61.2248, "flag": "vc"},
    {"name": "Samoa", "capital": "Apia", "continent": "Oceania", "lat": -13.8333, "lng": -171.7500, "flag": "ws"},
    {"name": "San Marino", "capital": "San Marino", "continent": "Europe", "lat": 43.9424, "lng": 12.4578, "flag": "sm"},
    {"name": "São Tomé and Príncipe", "capital": "São Tomé", "continent": "Africa", "lat": 0.3302, "lng": 6.7333, "flag": "st"},
    {"name": "Saudi Arabia", "capital": "Riyadh", "continent": "Asia", "lat": 24.7136, "lng": 46.6753, "flag": "sa"},
    {"name": "Senegal", "capital": "Dakar", "continent": "Africa", "lat": 14.7167, "lng": -17.4677, "flag": "sn"},
    {"name": "Serbia", "capital": "Belgrade", "continent": "Europe", "lat": 44.7866, "lng": 20.4489, "flag": "rs"},
    {"name": "Seychelles", "capital": "Victoria", "continent": "Africa", "lat": -4.6191, "lng": 55.4513, "flag": "sc"},
    {"name": "Sierra Leone", "capital": "Freetown", "continent": "Africa", "lat": 8.4657, "lng": -13.2317, "flag": "sl"},
    {"name": "Singapore", "capital": "Singapore", "continent": "Asia", "lat": 1.3521, "lng": 103.8198, "flag": "sg"},
    {"name": "Slovakia", "capital": "Bratislava", "continent": "Europe", "lat": 48.1486, "lng": 17.1077, "flag": "sk"},
    {"name": "Slovenia", "capital": "Ljubljana", "continent": "Europe", "lat": 46.0569, "lng": 14.5058, "flag": "si"},
    {"name": "Solomon Islands", "capital": "Honiara", "continent": "Oceania", "lat": -9.4295, "lng": 159.9556, "flag": "sb"},
    {"name": "Somalia", "capital": "Mogadishu", "continent": "Africa", "lat": 2.0469, "lng": 45.3182, "flag": "so"},
    {"name": "South Africa", "capital": "Pretoria", "continent": "Africa", "lat": -25.7479, "lng": 28.2293, "flag": "za"},
    {"name": "South Korea", "capital": "Seoul", "continent": "Asia", "lat": 37.5665, "lng": 126.9780, "flag": "kr"},
    {"name": "South Sudan", "capital": "Juba", "continent": "Africa", "lat": 4.8594, "lng": 31.5713, "flag": "ss"},
    {"name": "Spain", "capital": "Madrid", "continent": "Europe", "lat": 40.4168, "lng": -3.7038, "flag": "es"},
    {"name": "Sri Lanka", "capital": "Sri Jayawardenepura Kotte", "continent": "Asia", "lat": 6.9271, "lng": 79.8612, "flag": "lk"},
    {"name": "Sudan", "capital": "Khartoum", "continent": "Africa", "lat": 15.5007, "lng": 32.5599, "flag": "sd"},
    {"name": "Suriname", "capital": "Paramaribo", "continent": "South America", "lat": 5.8520, "lng": -55.2038, "flag": "sr"},
    {"name": "Sweden", "capital": "Stockholm", "continent": "Europe", "lat": 59.3293, "lng": 18.0686, "flag": "se"},
    {"name": "Switzerland", "capital": "Bern", "continent": "Europe", "lat": 46.9480, "lng": 7.4474, "flag": "ch"},
    {"name": "Syria", "capital": "Damascus", "continent": "Asia", "lat": 33.5138, "lng": 36.2765, "flag": "sy"},
    {"name": "Taiwan", "capital": "Taipei", "continent": "Asia", "lat": 25.0330, "lng": 121.5654, "flag": "tw"},
    {"name": "Tajikistan", "capital": "Dushanbe", "continent": "Asia", "lat": 38.5598, "lng": 68.7738, "flag": "tj"},
    {"name": "Tanzania", "capital": "Dodoma", "continent": "Africa", "lat": -6.1630, "lng": 35.7516, "flag": "tz"},
    {"name": "Thailand", "capital": "Bangkok", "continent": "Asia", "lat": 13.7563, "lng": 100.5018, "flag": "th"},
    {"name": "Togo", "capital": "Lomé", "continent": "Africa", "lat": 6.1375, "lng": 1.2123, "flag": "tg"},
    {"name": "Tonga", "capital": "Nukualofa", "continent": "Oceania", "lat": -21.2114, "lng": -175.1998, "flag": "to"},
    {"name": "Trinidad and Tobago", "capital": "Port of Spain", "continent": "North America", "lat": 10.6596, "lng": -61.5086, "flag": "tt"},
    {"name": "Tunisia", "capital": "Tunis", "continent": "Africa", "lat": 36.8065, "lng": 10.1815, "flag": "tn"},
    {"name": "Turkey", "capital": "Ankara", "continent": "Asia", "lat": 39.9334, "lng": 32.8597, "flag": "tr"},
    {"name": "Turkmenistan", "capital": "Ashgabat", "continent": "Asia", "lat": 37.9601, "lng": 58.3261, "flag": "tm"},
    {"name": "Tuvalu", "capital": "Funafuti", "continent": "Oceania", "lat": -8.5167, "lng": 179.2167, "flag": "tv"},
    {"name": "Uganda", "capital": "Kampala", "continent": "Africa", "lat": 0.3476, "lng": 32.5825, "flag": "ug"},
    {"name": "Ukraine", "capital": "Kyiv", "continent": "Europe", "lat": 50.4501, "lng": 30.5234, "flag": "ua"},
    {"name": "United Arab Emirates", "capital": "Abu Dhabi", "continent": "Asia", "lat": 24.4539, "lng": 54.3773, "flag": "ae"},
    {"name": "United Kingdom", "capital": "London", "continent": "Europe", "lat": 51.5074, "lng": -0.1278, "flag": "gb"},
    {"name": "United States", "capital": "Washington, D.C.", "continent": "North America", "lat": 38.9072, "lng": -77.0369, "flag": "us"},
    {"name": "Uruguay", "capital": "Montevideo", "continent": "South America", "lat": -34.9011, "lng": -56.1645, "flag": "uy"},
    {"name": "Uzbekistan", "capital": "Tashkent", "continent": "Asia", "lat": 41.2995, "lng": 69.2401, "flag": "uz"},
    {"name": "Vanuatu", "capital": "Port Vila", "continent": "Oceania", "lat": -17.7333, "lng": 168.3167, "flag": "vu"},
    {"name": "Vatican City", "capital": "Vatican City", "continent": "Europe", "lat": 41.9029, "lng": 12.4534, "flag": "va"},
    {"name": "Venezuela", "capital": "Caracas", "continent": "South America", "lat": 10.4806, "lng": -66.9036, "flag": "ve"},
    {"name": "Vietnam", "capital": "Hanoi", "continent": "Asia", "lat": 21.0278, "lng": 105.8342, "flag": "vn"},
    {"name": "Yemen", "capital": "Sanaa", "continent": "Asia", "lat": 15.3694, "lng": 44.1910, "flag": "ye"},
    {"name": "Zambia", "capital": "Lusaka", "continent": "Africa", "lat": -15.3875, "lng": 28.3228, "flag": "zm"},
    {"name": "Zimbabwe", "capital": "Harare", "continent": "Africa", "lat": -17.8252, "lng": 31.0335, "flag": "zw"}
  ]
}
